Country Name,Country Code,Indicator Name,Indicator Code,2015,2016,2017
Aruba,ABW,"GDP per capita, PPP (current international $)",NY.GDP.PCAP.PP.CD,,,
Afghanistan,AFG,"GDP per capita, PPP (current international $)",NY.GDP.PCAP.PP.CD,1926.357336,1944.117005,1980.516177
Angola,AGO,"GDP per capita, PPP (current international $)",NY.GDP.PCAP.PP.CD,6631.618694,6440.990242,6388.960022
Albania,ALB,"GDP per capita, PPP (current international $)",NY.GDP.PCAP.PP.CD,11334.22093,11559.30084,12020.69073
Andorra,AND,"GDP per capita, PPP (current international $)",NY.GDP.PCAP.PP.CD,,,
Arab World,ARB,"GDP per capita, PPP (current international $)",NY.GDP.PCAP.PP.CD,16337.96649,16716.5469,
United Arab Emirates,ARE,"GDP per capita, PPP (current international $)",NY.GDP.PCAP.PP.CD,70887.39073,73017.48001,73878.46766
Argentina,ARG,"GDP per capita, PPP (current international $)",NY.GDP.PCAP.PP.CD,20356.91551,20042.54002,20786.67933
Armenia,ARM,"GDP per capita, PPP (current international $)",NY.GDP.PCAP.PP.CD,8727.558325,8832.763435,9647.486113
American Samoa,ASM,"GDP per capita, PPP (current international $)",NY.GDP.PCAP.PP.CD,,,
Antigua and Barbuda,ATG,"GDP per capita, PPP (current international $)",NY.GDP.PCAP.PP.CD,21462.28694,22661.48854,23593.93283
Australia,AUS,"GDP per capita, PPP (current international $)",NY.GDP.PCAP.PP.CD,46220.25126,46144.12081,47046.67046
Austria,AUT,"GDP per capita, PPP (current international $)",NY.GDP.PCAP.PP.CD,49883.0413,50521.48262,52557.47899
Azerbaijan,AZE,"GDP per capita, PPP (current international $)",NY.GDP.PCAP.PP.CD,17782.02615,17256.62697,17398.16356
Burundi,BDI,"GDP per capita, PPP (current international $)",NY.GDP.PCAP.PP.CD,796.9608114,777.7528517,770.9413743
Belgium,BEL,"GDP per capita, PPP (current international $)",NY.GDP.PCAP.PP.CD,45414.8906,46416.8542,47561.02935
Benin,BEN,"GDP per capita, PPP (current international $)",NY.GDP.PCAP.PP.CD,2116.036775,2167.272847,2266.231602
Burkina Faso,BFA,"GDP per capita, PPP (current international $)",NY.GDP.PCAP.PP.CD,1699.879935,1771.162139,1869.758161
Bangladesh,BGD,"GDP per capita, PPP (current international $)",NY.GDP.PCAP.PP.CD,3335.759791,3579.755981,3868.822303
Bulgaria,BGR,"GDP per capita, PPP (current international $)",NY.GDP.PCAP.PP.CD,18115.23037,19242.62262,20329.34361
Bahrain,BHR,"GDP per capita, PPP (current international $)",NY.GDP.PCAP.PP.CD,46775.74033,47066.7631,47526.90428
"Bahamas, The",BHS,"GDP per capita, PPP (current international $)",NY.GDP.PCAP.PP.CD,30249.73823,29779.798,30430.16948
Bosnia and Herzegovina,BIH,"GDP per capita, PPP (current international $)",NY.GDP.PCAP.PP.CD,11526.42439,12172.65026,12875.9691
Belarus,BLR,"GDP per capita, PPP (current international $)",NY.GDP.PCAP.PP.CD,18347.1407,18089.05033,18847.93389
Belize,BLZ,"GDP per capita, PPP (current international $)",NY.GDP.PCAP.PP.CD,8654.855391,8540.40422,8590.013256
Bermuda,BMU,"GDP per capita, PPP (current international $)",NY.GDP.PCAP.PP.CD,,,
Bolivia,BOL,"GDP per capita, PPP (current international $)",NY.GDP.PCAP.PP.CD,6955.18277,7234.195243,7559.639404
Brazil,BRA,"GDP per capita, PPP (current international $)",NY.GDP.PCAP.PP.CD,15656.26667,15181.47137,15483.54083
Barbados,BRB,"GDP per capita, PPP (current international $)",NY.GDP.PCAP.PP.CD,17525.64926,18054.74075,18639.45174
Brunei Darussalam,BRN,"GDP per capita, PPP (current international $)",NY.GDP.PCAP.PP.CD,79439.06245,77420.61234,78836.12468
Bhutan,BTN,"GDP per capita, PPP (current international $)",NY.GDP.PCAP.PP.CD,8245.605306,8900.764553,9560.774453
Botswana,BWA,"GDP per capita, PPP (current international $)",NY.GDP.PCAP.PP.CD,16352.87933,16960.96387,17354.19971
Central African Republic,CAF,"GDP per capita, PPP (current international $)",NY.GDP.PCAP.PP.CD,661.8876249,693.3069097,725.9454195
Canada,CAN,"GDP per capita, PPP (current international $)",NY.GDP.PCAP.PP.CD,44647.36423,44819.4836,46377.64919
Central Europe and the Baltics,CEB,"GDP per capita, PPP (current international $)",NY.GDP.PCAP.PP.CD,25841.60932,26867.05418,
Switzerland,CHE,"GDP per capita, PPP (current international $)",NY.GDP.PCAP.PP.CD,63648.28802,63881.67462,65006.52538
Channel Islands,CHI,"GDP per capita, PPP (current international $)",NY.GDP.PCAP.PP.CD,,,
Chile,CHL,"GDP per capita, PPP (current international $)",NY.GDP.PCAP.PP.CD,22785.81803,23476.4268,24084.97031
China,CHN,"GDP per capita, PPP (current international $)",NY.GDP.PCAP.PP.CD,14450.09499,15530.63427,16806.74186
Cote d'Ivoire,CIV,"GDP per capita, PPP (current international $)",NY.GDP.PCAP.PP.CD,3451.877418,3693.652396,3953.381325
Cameroon,CMR,"GDP per capita, PPP (current international $)",NY.GDP.PCAP.PP.CD,3502.407887,3609.375597,3694.199953
"Congo, Dem. Rep.",COD,"GDP per capita, PPP (current international $)",NY.GDP.PCAP.PP.CD,865.0994627,868.2215432,887.2128626
"Congo, Rep.",COG,"GDP per capita, PPP (current international $)",NY.GDP.PCAP.PP.CD,5902.429651,5662.798091,5359.074336
Colombia,COL,"GDP per capita, PPP (current international $)",NY.GDP.PCAP.PP.CD,13827.67279,14165.45122,14552.00856
Comoros,COM,"GDP per capita, PPP (current international $)",NY.GDP.PCAP.PP.CD,1504.716581,1521.857218,1552.24585
Cabo Verde,CPV,"GDP per capita, PPP (current international $)",NY.GDP.PCAP.PP.CD,6298.803772,6541.099764,6831.460461
Costa Rica,CRI,"GDP per capita, PPP (current international $)",NY.GDP.PCAP.PP.CD,15694.6192,16387.04904,17044.18856
Caribbean small states,CSS,"GDP per capita, PPP (current international $)",NY.GDP.PCAP.PP.CD,15829.14408,15595.56511,
Cuba,CUB,"GDP per capita, PPP (current international $)",NY.GDP.PCAP.PP.CD,,,
Curacao,CUW,"GDP per capita, PPP (current international $)",NY.GDP.PCAP.PP.CD,,,
Cayman Islands,CYM,"GDP per capita, PPP (current international $)",NY.GDP.PCAP.PP.CD,,,
Cyprus,CYP,"GDP per capita, PPP (current international $)",NY.GDP.PCAP.PP.CD,31523.92688,32882.21862,34503.47033
Czech Republic,CZE,"GDP per capita, PPP (current international $)",NY.GDP.PCAP.PP.CD,33468.7265,34749.21236,36915.93263
Germany,DEU,"GDP per capita, PPP (current international $)",NY.GDP.PCAP.PP.CD,47810.83601,48943.1018,50715.55404
Djibouti,DJI,"GDP per capita, PPP (current international $)",NY.GDP.PCAP.PP.CD,,,
Dominica,DMA,"GDP per capita, PPP (current international $)",NY.GDP.PCAP.PP.CD,10586.77041,10947.71522,10619.95158
Denmark,DNK,"GDP per capita, PPP (current international $)",NY.GDP.PCAP.PP.CD,48674.84075,49029.01484,50540.81377
Dominican Republic,DOM,"GDP per capita, PPP (current international $)",NY.GDP.PCAP.PP.CD,14264.83549,15227.94202,16029.62371
Algeria,DZA,"GDP per capita, PPP (current international $)",NY.GDP.PCAP.PP.CD,14614.97043,15013.29638,15275.37422
East Asia & Pacific (excluding high income),EAP,"GDP per capita, PPP (current international $)",NY.GDP.PCAP.PP.CD,12958.52798,13845.23347,
Early-demographic dividend,EAR,"GDP per capita, PPP (current international $)",NY.GDP.PCAP.PP.CD,8762.816615,9190.767372,
East Asia & Pacific,EAS,"GDP per capita, PPP (current international $)",NY.GDP.PCAP.PP.CD,16114.48315,17038.88856,
Europe & Central Asia (excluding high income),ECA,"GDP per capita, PPP (current international $)",NY.GDP.PCAP.PP.CD,19184.3161,19489.07887,
Europe & Central Asia,ECS,"GDP per capita, PPP (current international $)",NY.GDP.PCAP.PP.CD,30654.8667,31378.69748,
Ecuador,ECU,"GDP per capita, PPP (current international $)",NY.GDP.PCAP.PP.CD,11446.36514,11242.04752,11617.42885
"Egypt, Arab Rep.",EGY,"GDP per capita, PPP (current international $)",NY.GDP.PCAP.PP.CD,10750.4563,11134.02672,11582.594
Euro area,EMU,"GDP per capita, PPP (current international $)",NY.GDP.PCAP.PP.CD,40864.7359,42080.96377,
Eritrea,ERI,"GDP per capita, PPP (current international $)",NY.GDP.PCAP.PP.CD,,,
Spain,ESP,"GDP per capita, PPP (current international $)",NY.GDP.PCAP.PP.CD,34818.12051,36305.22213,38090.9406
Estonia,EST,"GDP per capita, PPP (current international $)",NY.GDP.PCAP.PP.CD,28688.96877,29743.33743,31637.67832
Ethiopia,ETH,"GDP per capita, PPP (current international $)",NY.GDP.PCAP.PP.CD,1632.551806,1734.464075,1899.208126
European Union,EUU,"GDP per capita, PPP (current international $)",NY.GDP.PCAP.PP.CD,38457.37629,39624.74031,
Fragile and conflict affected situations,FCS,"GDP per capita, PPP (current international $)",NY.GDP.PCAP.PP.CD,4144.105176,4269.809834,
Finland,FIN,"GDP per capita, PPP (current international $)",NY.GDP.PCAP.PP.CD,42071.19127,43378.14603,45191.59402
Fiji,FJI,"GDP per capita, PPP (current international $)",NY.GDP.PCAP.PP.CD,9027.542438,9109.951924,9554.602534
France,FRA,"GDP per capita, PPP (current international $)",NY.GDP.PCAP.PP.CD,40564.46071,41357.98693,42778.92888
Faroe Islands,FRO,"GDP per capita, PPP (current international $)",NY.GDP.PCAP.PP.CD,,,
"Micronesia, Fed. Sts.",FSM,"GDP per capita, PPP (current international $)",NY.GDP.PCAP.PP.CD,3483.455937,3508.715192,3622.331967
Gabon,GAB,"GDP per capita, PPP (current international $)",NY.GDP.PCAP.PP.CD,17928.89201,18071.25689,18183.12368
United Kingdom,GBR,"GDP per capita, PPP (current international $)",NY.GDP.PCAP.PP.CD,41579.86341,42656.2166,43876.59936
Georgia,GEO,"GDP per capita, PPP (current international $)",NY.GDP.PCAP.PP.CD,9610.543382,10004.52841,10698.68087
Ghana,GHA,"GDP per capita, PPP (current international $)",NY.GDP.PCAP.PP.CD,4181.412842,4295.21767,4641.323379
Gibraltar,GIB,"GDP per capita, PPP (current international $)",NY.GDP.PCAP.PP.CD,,,
Guinea,GIN,"GDP per capita, PPP (current international $)",NY.GDP.PCAP.PP.CD,1872.367758,2043.06019,2284.778752
"Gambia, The",GMB,"GDP per capita, PPP (current international $)",NY.GDP.PCAP.PP.CD,1669.74581,1676.878795,1714.5931
Guinea-Bissau,GNB,"GDP per capita, PPP (current international $)",NY.GDP.PCAP.PP.CD,1540.315132,1616.4238,1700.219832
Equatorial Guinea,GNQ,"GDP per capita, PPP (current international $)",NY.GDP.PCAP.PP.CD,29341.48771,26142.08953,24816.86684
Greece,GRC,"GDP per capita, PPP (current international $)",NY.GDP.PCAP.PP.CD,26697.2485,26764.96161,27809.39996
Grenada,GRD,"GDP per capita, PPP (current international $)",NY.GDP.PCAP.PP.CD,13585.50464,14200.00719,14924.10194
Greenland,GRL,"GDP per capita, PPP (current international $)",NY.GDP.PCAP.PP.CD,,,
Guatemala,GTM,"GDP per capita, PPP (current international $)",NY.GDP.PCAP.PP.CD,7765.757271,7946.677688,8150.262204
Guam,GUM,"GDP per capita, PPP (current international $)",NY.GDP.PCAP.PP.CD,,,
Guyana,GUY,"GDP per capita, PPP (current international $)",NY.GDP.PCAP.PP.CD,7535.976471,7836.379176,8162.60154
High income,HIC,"GDP per capita, PPP (current international $)",NY.GDP.PCAP.PP.CD,44718.32709,45789.09313,
"Hong Kong SAR, China",HKG,"GDP per capita, PPP (current international $)",NY.GDP.PCAP.PP.CD,57068.04043,58681.61806,61540.15831
Honduras,HND,"GDP per capita, PPP (current international $)",NY.GDP.PCAP.PP.CD,4599.650144,4752.484848,4986.23136
Heavily indebted poor countries (HIPC),HPC,"GDP per capita, PPP (current international $)",NY.GDP.PCAP.PP.CD,2209.715002,2279.486631,
Croatia,HRV,"GDP per capita, PPP (current international $)",NY.GDP.PCAP.PP.CD,22723.61426,23710.40909,25264.43818
Haiti,HTI,"GDP per capita, PPP (current international $)",NY.GDP.PCAP.PP.CD,1758.33446,1783.94019,1814.943236
Hungary,HUN,"GDP per capita, PPP (current international $)",NY.GDP.PCAP.PP.CD,26147.53737,26700.75608,28375.37267
IBRD only,IBD,"GDP per capita, PPP (current international $)",NY.GDP.PCAP.PP.CD,12350.29247,12956.69606,
IDA & IBRD total,IBT,"GDP per capita, PPP (current international $)",NY.GDP.PCAP.PP.CD,10149.80067,10602.99293,
IDA total,IDA,"GDP per capita, PPP (current international $)",NY.GDP.PCAP.PP.CD,3537.356365,3618.837928,
IDA blend,IDB,"GDP per capita, PPP (current international $)",NY.GDP.PCAP.PP.CD,5144.480705,5214.903006,
Indonesia,IDN,"GDP per capita, PPP (current international $)",NY.GDP.PCAP.PP.CD,11040.19721,11610.99312,12283.61543
IDA only,IDX,"GDP per capita, PPP (current international $)",NY.GDP.PCAP.PP.CD,2723.796089,2812.048234,
Isle of Man,IMN,"GDP per capita, PPP (current international $)",NY.GDP.PCAP.PP.CD,,,
India,IND,"GDP per capita, PPP (current international $)",NY.GDP.PCAP.PP.CD,6130.067515,6573.932155,7055.55483
Not classified,INX,"GDP per capita, PPP (current international $)",NY.GDP.PCAP.PP.CD,,,
Ireland,IRL,"GDP per capita, PPP (current international $)",NY.GDP.PCAP.PP.CD,68576.74433,71388.75968,76304.70803
"Iran, Islamic Rep.",IRN,"GDP per capita, PPP (current international $)",NY.GDP.PCAP.PP.CD,17571.22224,19948.8166,20949.944
Iraq,IRQ,"GDP per capita, PPP (current international $)",NY.GDP.PCAP.PP.CD,16050.56191,17516.25908,17196.78104
Iceland,ISL,"GDP per capita, PPP (current international $)",NY.GDP.PCAP.PP.CD,47499.62538,50745.68298,53518.09109
Israel,ISR,"GDP per capita, PPP (current international $)",NY.GDP.PCAP.PP.CD,35888.87589,37258.22359,38412.67881
Italy,ITA,"GDP per capita, PPP (current international $)",NY.GDP.PCAP.PP.CD,36640.11558,38380.17241,39817.15196
Jamaica,JAM,"GDP per capita, PPP (current international $)",NY.GDP.PCAP.PP.CD,8620.356524,8821.31143,8995.350211
Jordan,JOR,"GDP per capita, PPP (current international $)",NY.GDP.PCAP.PP.CD,9041.817565,9047.768923,9153.35242
Japan,JPN,"GDP per capita, PPP (current international $)",NY.GDP.PCAP.PP.CD,40717.32438,42281.18819,43875.74905
Kazakhstan,KAZ,"GDP per capita, PPP (current international $)",NY.GDP.PCAP.PP.CD,25049.93554,25286.43372,26409.54118
Kenya,KEN,"GDP per capita, PPP (current international $)",NY.GDP.PCAP.PP.CD,3019.951952,3156.118932,3285.910409
Kyrgyz Republic,KGZ,"GDP per capita, PPP (current international $)",NY.GDP.PCAP.PP.CD,3447.60825,3569.51839,3725.541023
Cambodia,KHM,"GDP per capita, PPP (current international $)",NY.GDP.PCAP.PP.CD,3504.418254,3736.964612,4001.756778
Kiribati,KIR,"GDP per capita, PPP (current international $)",NY.GDP.PCAP.PP.CD,2094.910004,2108.537741,2174.994973
St. Kitts and Nevis,KNA,"GDP per capita, PPP (current international $)",NY.GDP.PCAP.PP.CD,25737.62444,26382.78765,27066.93338
"Korea, Rep.",KOR,"GDP per capita, PPP (current international $)",NY.GDP.PCAP.PP.CD,35203.73414,36629.8646,38260.17503
Kuwait,KWT,"GDP per capita, PPP (current international $)",NY.GDP.PCAP.PP.CD,72918.00376,74263.99863,71943.00888
Latin America & Caribbean (excluding high income),LAC,"GDP per capita, PPP (current international $)",NY.GDP.PCAP.PP.CD,14349.24172,14395.54748,
Lao PDR,LAO,"GDP per capita, PPP (current international $)",NY.GDP.PCAP.PP.CD,6128.358238,6549.668,7023.371679
Lebanon,LBN,"GDP per capita, PPP (current international $)",NY.GDP.PCAP.PP.CD,14218.82972,14308.75113,14675.64435
Liberia,LBR,"GDP per capita, PPP (current international $)",NY.GDP.PCAP.PP.CD,836.181489,812.6739438,826.4516826
Libya,LBY,"GDP per capita, PPP (current international $)",NY.GDP.PCAP.PP.CD,15810.25223,15420.16863,19631.29944
St. Lucia,LCA,"GDP per capita, PPP (current international $)",NY.GDP.PCAP.PP.CD,13334.2754,13665.31805,14219.23744
Latin America & Caribbean,LCN,"GDP per capita, PPP (current international $)",NY.GDP.PCAP.PP.CD,15306.5141,15346.67194,
Least developed countries: UN classification,LDC,"GDP per capita, PPP (current international $)",NY.GDP.PCAP.PP.CD,2541.162584,2606.855954,
Low income,LIC,"GDP per capita, PPP (current international $)",NY.GDP.PCAP.PP.CD,1963.729937,1973.396032,
Liechtenstein,LIE,"GDP per capita, PPP (current international $)",NY.GDP.PCAP.PP.CD,,,
Sri Lanka,LKA,"GDP per capita, PPP (current international $)",NY.GDP.PCAP.PP.CD,11798.38995,12343.36087,12810.95091
Lower middle income,LMC,"GDP per capita, PPP (current international $)",NY.GDP.PCAP.PP.CD,6446.565515,6789.605088,
Low & middle income,LMY,"GDP per capita, PPP (current international $)",NY.GDP.PCAP.PP.CD,9887.33762,10344.52706,
Lesotho,LSO,"GDP per capita, PPP (current international $)",NY.GDP.PCAP.PP.CD,2883.811087,2951.021894,3130.151508
Late-demographic dividend,LTE,"GDP per capita, PPP (current international $)",NY.GDP.PCAP.PP.CD,15950.39862,16704.41613,
Lithuania,LTU,"GDP per capita, PPP (current international $)",NY.GDP.PCAP.PP.CD,28783.66677,29862.31889,32092.49739
Luxembourg,LUX,"GDP per capita, PPP (current international $)",NY.GDP.PCAP.PP.CD,102517.1382,102389.4377,103661.757
Latvia,LVA,"GDP per capita, PPP (current international $)",NY.GDP.PCAP.PP.CD,24510.16206,25586.2887,27598.32909
"Macao SAR, China",MAC,"GDP per capita, PPP (current international $)",NY.GDP.PCAP.PP.CD,106959.8763,105420.354,115123.0782
St. Martin (French part),MAF,"GDP per capita, PPP (current international $)",NY.GDP.PCAP.PP.CD,,,
Morocco,MAR,"GDP per capita, PPP (current international $)",NY.GDP.PCAP.PP.CD,7770.245991,7857.487717,8217.456796
Monaco,MCO,"GDP per capita, PPP (current international $)",NY.GDP.PCAP.PP.CD,,,
Moldova,MDA,"GDP per capita, PPP (current international $)",NY.GDP.PCAP.PP.CD,5054.682473,5352.776867,5697.834883
Madagascar,MDG,"GDP per capita, PPP (current international $)",NY.GDP.PCAP.PP.CD,1466.497463,1506.238325,1555.044799
Maldives,MDV,"GDP per capita, PPP (current international $)",NY.GDP.PCAP.PP.CD,14593.9729,15347.99779,16669.40493
Middle East & North Africa,MEA,"GDP per capita, PPP (current international $)",NY.GDP.PCAP.PP.CD,18676.31894,19498.76158,
Mexico,MEX,"GDP per capita, PPP (current international $)",NY.GDP.PCAP.PP.CD,17239.32066,17769.66428,18149.09959
Marshall Islands,MHL,"GDP per capita, PPP (current international $)",NY.GDP.PCAP.PP.CD,3903.127907,4022.978632,4192.929073
Middle income,MIC,"GDP per capita, PPP (current international $)",NY.GDP.PCAP.PP.CD,10909.86247,11438.8006,
"Macedonia, FYR",MKD,"GDP per capita, PPP (current international $)",NY.GDP.PCAP.PP.CD,13766.31883,14731.35963,15231.3326
Mali,MLI,"GDP per capita, PPP (current international $)",NY.GDP.PCAP.PP.CD,2043.718105,2125.716027,2211.415206
Malta,MLT,"GDP per capita, PPP (current international $)",NY.GDP.PCAP.PP.CD,35787.87696,37363.32933,39534.92022
Myanmar,MMR,"GDP per capita, PPP (current international $)",NY.GDP.PCAP.PP.CD,5384.869389,5721.228004,6138.761026
Middle East & North Africa (excluding high income),MNA,"GDP per capita, PPP (current international $)",NY.GDP.PCAP.PP.CD,12302.29818,13092.15361,
Montenegro,MNE,"GDP per capita, PPP (current international $)",NY.GDP.PCAP.PP.CD,16272.19565,17633.14636,18765.1058
Mongolia,MNG,"GDP per capita, PPP (current international $)",NY.GDP.PCAP.PP.CD,12152.17138,12252.2772,12999.5288
Northern Mariana Islands,MNP,"GDP per capita, PPP (current international $)",NY.GDP.PCAP.PP.CD,,,
Mozambique,MOZ,"GDP per capita, PPP (current international $)",NY.GDP.PCAP.PP.CD,1190.755747,1215.78764,1247.275563
Mauritania,MRT,"GDP per capita, PPP (current international $)",NY.GDP.PCAP.PP.CD,3835.230926,3852.525734,3949.677854
Mauritius,MUS,"GDP per capita, PPP (current international $)",NY.GDP.PCAP.PP.CD,20087.71538,21102.55892,22278.48548
Malawi,MWI,"GDP per capita, PPP (current international $)",NY.GDP.PCAP.PP.CD,1159.319842,1168.825626,1202.197126
Malaysia,MYS,"GDP per capita, PPP (current international $)",NY.GDP.PCAP.PP.CD,26623.32837,27682.60794,29431.46945
North America,NAC,"GDP per capita, PPP (current international $)",NY.GDP.PCAP.PP.CD,55259.59286,56301.36036,
Namibia,NAM,"GDP per capita, PPP (current international $)",NY.GDP.PCAP.PP.CD,10622.15643,10596.41738,10475.51927
New Caledonia,NCL,"GDP per capita, PPP (current international $)",NY.GDP.PCAP.PP.CD,,,
Niger,NER,"GDP per capita, PPP (current international $)",NY.GDP.PCAP.PP.CD,967.0846194,989.0897439,1016.613626
Nigeria,NGA,"GDP per capita, PPP (current international $)",NY.GDP.PCAP.PP.CD,6038.462315,5861.089656,5860.84706
Nicaragua,NIC,"GDP per capita, PPP (current international $)",NY.GDP.PCAP.PP.CD,5278.44924,5533.07424,5842.171881
Netherlands,NLD,"GDP per capita, PPP (current international $)",NY.GDP.PCAP.PP.CD,49527.66966,50538.60657,52941.12298
Norway,NOR,"GDP per capita, PPP (current international $)",NY.GDP.PCAP.PP.CD,61722.23991,58808.39076,60978.2775
Nepal,NPL,"GDP per capita, PPP (current international $)",NY.GDP.PCAP.PP.CD,2464.389033,2477.903345,2681.843838
Nauru,NRU,"GDP per capita, PPP (current international $)",NY.GDP.PCAP.PP.CD,13066.20362,13966.49778,14157.53321
New Zealand,NZL,"GDP per capita, PPP (current international $)",NY.GDP.PCAP.PP.CD,37864.99954,39465.11531,40916.93566
OECD members,OED,"GDP per capita, PPP (current international $)",NY.GDP.PCAP.PP.CD,40946.37388,41944.02368,
Oman,OMN,"GDP per capita, PPP (current international $)",NY.GDP.PCAP.PP.CD,42459.75058,43012.8492,41675.34375
Other small states,OSS,"GDP per capita, PPP (current international $)",NY.GDP.PCAP.PP.CD,24980.14714,25290.59005,
Pakistan,PAK,"GDP per capita, PPP (current international $)",NY.GDP.PCAP.PP.CD,5000.283839,5238.213529,5527.377674
Panama,PAN,"GDP per capita, PPP (current international $)",NY.GDP.PCAP.PP.CD,22134.9748,23157.2224,24445.97147
Peru,PER,"GDP per capita, PPP (current international $)",NY.GDP.PCAP.PP.CD,12533.49118,13030.0139,13434.1256
Philippines,PHL,"GDP per capita, PPP (current international $)",NY.GDP.PCAP.PP.CD,7320.498539,7800.65101,8342.804479
Palau,PLW,"GDP per capita, PPP (current international $)",NY.GDP.PCAP.PP.CD,14938.64319,14986.76968,14536.04091
Papua New Guinea,PNG,"GDP per capita, PPP (current international $)",NY.GDP.PCAP.PP.CD,4072.818793,4117.285655,4197.311358
Poland,POL,"GDP per capita, PPP (current international $)",NY.GDP.PCAP.PP.CD,26594.75786,27383.25494,29291.35378
Pre-demographic dividend,PRE,"GDP per capita, PPP (current international $)",NY.GDP.PCAP.PP.CD,3740.765533,3794.007338,
Puerto Rico,PRI,"GDP per capita, PPP (current international $)",NY.GDP.PCAP.PP.CD,37581.03004,37793.9235,
"Korea, Dem. People’s Rep.",PRK,"GDP per capita, PPP (current international $)",NY.GDP.PCAP.PP.CD,,,
Portugal,PRT,"GDP per capita, PPP (current international $)",NY.GDP.PCAP.PP.CD,29532.38116,30658.632,32198.82001
Paraguay,PRY,"GDP per capita, PPP (current international $)",NY.GDP.PCAP.PP.CD,9199.669384,9567.339128,9690.774655
West Bank and Gaza,PSE,"GDP per capita, PPP (current international $)",NY.GDP.PCAP.PP.CD,5019.238115,5109.712663,4885.341879
Pacific island small states,PSS,"GDP per capita, PPP (current international $)",NY.GDP.PCAP.PP.CD,5617.41536,5717.580483,
Post-demographic dividend,PST,"GDP per capita, PPP (current international $)",NY.GDP.PCAP.PP.CD,43709.76612,44818.37923,
French Polynesia,PYF,"GDP per capita, PPP (current international $)",NY.GDP.PCAP.PP.CD,,,
Qatar,QAT,"GDP per capita, PPP (current international $)",NY.GDP.PCAP.PP.CD,127516.9086,127480.4825,128378.3008
Romania,ROU,"GDP per capita, PPP (current international $)",NY.GDP.PCAP.PP.CD,21566.07305,23050.01033,25840.83637
Russian Federation,RUS,"GDP per capita, PPP (current international $)",NY.GDP.PCAP.PP.CD,24737.68944,24818.90519,25532.99535
Rwanda,RWA,"GDP per capita, PPP (current international $)",NY.GDP.PCAP.PP.CD,1843.326591,1930.700212,2035.654068
South Asia,SAS,"GDP per capita, PPP (current international $)",NY.GDP.PCAP.PP.CD,5678.732828,6066.005854,
Saudi Arabia,SAU,"GDP per capita, PPP (current international $)",NY.GDP.PCAP.PP.CD,54013.87804,54378.69812,53844.73624
Sudan,SDN,"GDP per capita, PPP (current international $)",NY.GDP.PCAP.PP.CD,4568.664858,4730.461871,4903.575522
Senegal,SEN,"GDP per capita, PPP (current international $)",NY.GDP.PCAP.PP.CD,2442.643073,2566.119179,2712.337455
Singapore,SGP,"GDP per capita, PPP (current international $)",NY.GDP.PCAP.PP.CD,87043.18771,89103.15883,93905.42416
Solomon Islands,SLB,"GDP per capita, PPP (current international $)",NY.GDP.PCAP.PP.CD,2288.629698,2350.192843,2421.783202
Sierra Leone,SLE,"GDP per capita, PPP (current international $)",NY.GDP.PCAP.PP.CD,1399.523362,1470.858648,1526.347711
El Salvador,SLV,"GDP per capita, PPP (current international $)",NY.GDP.PCAP.PP.CD,7474.913704,7726.170444,8006.059219
San Marino,SMR,"GDP per capita, PPP (current international $)",NY.GDP.PCAP.PP.CD,60028.92435,60932.93004,62425.63293
Somalia,SOM,"GDP per capita, PPP (current international $)",NY.GDP.PCAP.PP.CD,,,
Serbia,SRB,"GDP per capita, PPP (current international $)",NY.GDP.PCAP.PP.CD,13896.12139,14514.96055,15090.02691
Sub-Saharan Africa (excluding high income),SSA,"GDP per capita, PPP (current international $)",NY.GDP.PCAP.PP.CD,3724.137621,3728.129203,
South Sudan,SSD,"GDP per capita, PPP (current international $)",NY.GDP.PCAP.PP.CD,1997.02555,1693.046062,
Sub-Saharan Africa,SSF,"GDP per capita, PPP (current international $)",NY.GDP.PCAP.PP.CD,3726.249491,3730.320133,
Small states,SST,"GDP per capita, PPP (current international $)",NY.GDP.PCAP.PP.CD,22114.72005,22338.2904,
Sao Tome and Principe,STP,"GDP per capita, PPP (current international $)",NY.GDP.PCAP.PP.CD,3138.69963,3239.414034,3351.436191
Suriname,SUR,"GDP per capita, PPP (current international $)",NY.GDP.PCAP.PP.CD,15724.63939,14966.71379,15114.29604
Slovak Republic,SVK,"GDP per capita, PPP (current international $)",NY.GDP.PCAP.PP.CD,29522.04477,30460.38408,32110.48967
Slovenia,SVN,"GDP per capita, PPP (current international $)",NY.GDP.PCAP.PP.CD,31468.36317,32723.07195,34801.63041
Sweden,SWE,"GDP per capita, PPP (current international $)",NY.GDP.PCAP.PP.CD,47891.27784,48904.55437,50069.65101
Swaziland,SWZ,"GDP per capita, PPP (current international $)",NY.GDP.PCAP.PP.CD,8261.74606,8329.560581,8496.269754
Sint Maarten (Dutch part),SXM,"GDP per capita, PPP (current international $)",NY.GDP.PCAP.PP.CD,,,
Seychelles,SYC,"GDP per capita, PPP (current international $)",NY.GDP.PCAP.PP.CD,26468.86683,27641.4389,28963.91868
Syrian Arab Republic,SYR,"GDP per capita, PPP (current international $)",NY.GDP.PCAP.PP.CD,,,
Turks and Caicos Islands,TCA,"GDP per capita, PPP (current international $)",NY.GDP.PCAP.PP.CD,,,
Chad,TCD,"GDP per capita, PPP (current international $)",NY.GDP.PCAP.PP.CD,2201.182699,2025.737246,1941.175568
East Asia & Pacific (IDA & IBRD countries),TEA,"GDP per capita, PPP (current international $)",NY.GDP.PCAP.PP.CD,13096.23133,13991.93497,
Europe & Central Asia (IDA & IBRD countries),TEC,"GDP per capita, PPP (current international $)",NY.GDP.PCAP.PP.CD,19838.61971,20186.00077,
Togo,TGO,"GDP per capita, PPP (current international $)",NY.GDP.PCAP.PP.CD,1438.689326,1497.423643,1569.727419
Thailand,THA,"GDP per capita, PPP (current international $)",NY.GDP.PCAP.PP.CD,16241.55555,16937.92689,17870.5181
Tajikistan,TJK,"GDP per capita, PPP (current international $)",NY.GDP.PCAP.PP.CD,2811.86989,2979.310239,3180.389446
Turkmenistan,TKM,"GDP per capita, PPP (current international $)",NY.GDP.PCAP.PP.CD,15964.79184,16875.98774,17992.7666
Latin America & the Caribbean (IDA & IBRD countries),TLA,"GDP per capita, PPP (current international $)",NY.GDP.PCAP.PP.CD,15217.99063,15258.88342,
Timor-Leste,TLS,"GDP per capita, PPP (current international $)",NY.GDP.PCAP.PP.CD,7878.759385,7869.451474,7213.017073
Middle East & North Africa (IDA & IBRD countries),TMN,"GDP per capita, PPP (current international $)",NY.GDP.PCAP.PP.CD,12392.03253,13191.75013,
Tonga,TON,"GDP per capita, PPP (current international $)",NY.GDP.PCAP.PP.CD,5526.478696,5745.191229,5956.543211
South Asia (IDA & IBRD),TSA,"GDP per capita, PPP (current international $)",NY.GDP.PCAP.PP.CD,5678.732828,6066.005854,
Sub-Saharan Africa (IDA & IBRD countries),TSS,"GDP per capita, PPP (current international $)",NY.GDP.PCAP.PP.CD,3726.249491,3730.320133,
Trinidad and Tobago,TTO,"GDP per capita, PPP (current international $)",NY.GDP.PCAP.PP.CD,33569.41352,31858.35543,31577.67299
Tunisia,TUN,"GDP per capita, PPP (current international $)",NY.GDP.PCAP.PP.CD,11464.20947,11605.75518,11910.95234
Turkey,TUR,"GDP per capita, PPP (current international $)",NY.GDP.PCAP.PP.CD,24844.89555,25247.20175,27916.44538
Tuvalu,TUV,"GDP per capita, PPP (current international $)",NY.GDP.PCAP.PP.CD,3640.988199,3766.483781,3924.944604
Tanzania,TZA,"GDP per capita, PPP (current international $)",NY.GDP.PCAP.PP.CD,2652.530219,2786.206274,2945.877987
Uganda,UGA,"GDP per capita, PPP (current international $)",NY.GDP.PCAP.PP.CD,1774.010819,1819.434351,1863.835106
Ukraine,UKR,"GDP per capita, PPP (current international $)",NY.GDP.PCAP.PP.CD,7949.149002,8269.614634,8666.896534
Upper middle income,UMC,"GDP per capita, PPP (current international $)",NY.GDP.PCAP.PP.CD,15980.87956,16755.33821,
Uruguay,URY,"GDP per capita, PPP (current international $)",NY.GDP.PCAP.PP.CD,21117.8016,21669.9774,22562.46183
United States,USA,"GDP per capita, PPP (current international $)",NY.GDP.PCAP.PP.CD,56443.81724,57588.53807,59531.66196
Uzbekistan,UZB,"GDP per capita, PPP (current international $)",NY.GDP.PCAP.PP.CD,6069.978666,6512.682131,6864.999587
St. Vincent and the Grenadines,VCT,"GDP per capita, PPP (current international $)",NY.GDP.PCAP.PP.CD,11147.28078,11413.29439,11776.84795
"Venezuela, RB",VEN,"GDP per capita, PPP (current international $)",NY.GDP.PCAP.PP.CD,,,
British Virgin Islands,VGB,"GDP per capita, PPP (current international $)",NY.GDP.PCAP.PP.CD,,,
Virgin Islands (U.S.),VIR,"GDP per capita, PPP (current international $)",NY.GDP.PCAP.PP.CD,,,
Vietnam,VNM,"GDP per capita, PPP (current international $)",NY.GDP.PCAP.PP.CD,5915.170833,6295.590585,6775.832191
Vanuatu,VUT,"GDP per capita, PPP (current international $)",NY.GDP.PCAP.PP.CD,2988.850538,3080.565754,3207.831231
World,WLD,"GDP per capita, PPP (current international $)",NY.GDP.PCAP.PP.CD,15710.16761,16233.95975,
Samoa,WSM,"GDP per capita, PPP (current international $)",NY.GDP.PCAP.PP.CD,5919.359821,6378.256567,6610.795239
Kosovo,XKX,"GDP per capita, PPP (current international $)",NY.GDP.PCAP.PP.CD,9748.773845,10193.41105,10754.40217
"Yemen, Rep.",YEM,"GDP per capita, PPP (current international $)",NY.GDP.PCAP.PP.CD,2458.385012,1595.186065,
South Africa,ZAF,"GDP per capita, PPP (current international $)",NY.GDP.PCAP.PP.CD,13180.52924,13250.58832,13497.9878
Zambia,ZMB,"GDP per capita, PPP (current international $)",NY.GDP.PCAP.PP.CD,3862.478483,3938.663188,4050.261432
Zimbabwe,ZWE,"GDP per capita, PPP (current international $)",NY.GDP.PCAP.PP.CD,2036.319256,2027.084915,2085.676925
